ID,Sitio,municipio,Comentario,Sentimiento,confianza,predicho,categoria,hipotesis
859,Tripadvisor,Sincelejo,"Plaza Majagual No es lugar seguro para visitar ni limpio no le hacen aseo a diario, hay días que se ve limpia y días que no. De noche es muy insegura, falta más iluminación y presencia policiva.",negativo,0.62436754,neutral,,
887,Tripadvisor,Coveñas,"Es un lugar único en Coveña pues ofrece un ecoturismo, se pueden hacer actividades al aire libre, tienes una vista hermosa en la que se ven las playas de Coveña, tiene un lago muy tranquilo. Si te gusta la naturaleza, esta puede ser una muy buena opción.",negativo,0.9985663,neutral,,
863,Tripadvisor,Sincelejo,"Esperaba ver algo diferente, sin embargo no encontramos nada que llame la atención, deberían poner una estatua, juegos, etc.",negativo,0.60585535,neutral,,
851,Tripadvisor,Sincelejo,"Decidimos regresar de Tolu a Cartagena pasando por Sincelejo. Cuando entramos a la ciudad nos pareció anodina. Llegamos a esta plaza y la verdad todos nos decepcionamos, nada interesante. Una decepción. Decidimos seguir ruta sin buscar más que ver.",negativo,0.9969471,neutral,,
870,Tripadvisor,Sincelejo,"Es un lugar de mucho movimiento, hay motos, carros y peatones por todas partes. Sin embargo, los pequeños locales que encuentras con comida típica alrededor, son de no creer. Pasé por todo: carimañolas, arepas de huevo, quibbe, buñuelos de frijol. Si quiere probar cosas típicas... este es el lugar.",negativo,0.9976699,neutral,,
224,Foursquare,Sincelejo,"Plaza para correr por las mañanas, algunos días hay clases de aeróbicos.",positivo,0.8506173,negativo,,
860,Tripadvisor,Sincelejo,"Es una plaza muy amplia, excelente para cualquier clase de evento de gran multitud, tiene varias diversiones para niños, y gran variedad de comidas.",negativo,0.97428685,neutral,,
884,Tripadvisor,Coveñas,"Coveñas me pareció un lugar tranquilo, mar limpio, con playas similares a Bocagrande, pero en mejor estado. No dudaría en volver a visitar tan hermoso lugar.",negativo,0.9983839,neutral,,
873,Tripadvisor,Sincelejo,"Me encanta ir a conversar con mis amigos, tomar algo mientras vemos el atardecer, un plan tranquilo para alejarse de la metrópolis.",negativo,0.99675816,neutral,,
852,Tripadvisor,Sincelejo,"Lugar de esparcimiento de amigos y amistades, se recrea con los espectaculares eventos que aquí se realizan.",negativo,0.9860194,neutral,,
865,Tripadvisor,Sincelejo,"En épocas de festivales vallenatos es un conglomerado de gente muy importante que festeja con vallenato sus fiestas, en otras épocas es muy solo y sin atracción.",negativo,0.7318114,neutral,,
885,Tripadvisor,Coveñas,"El camino para llegar es angosto y de difícil acceso, lo cual dificulta el ingreso de vehículos grandes. Además, el parque está muy lejos del pueblo, y está prohibido meterse al lago que tiene.",negativo,0.9800923,neutral,,
220,Foursquare,Sincelejo,Sería bueno que actualizaciones las fotos :),positivo,0.9528849,neutral,,
271,Foursquare,Coveñas,Se consigue de todo,neutral,0.99583435,positivo,,
210,Foursquare,Sincelejo,"No pierda su tiempo yendo a este restaurante, el mobiliario es pésimo, la atención no es muy buena y la comida... nada especial…",positivo,0.9966041,neutral,,
284,Foursquare,Sincelejo,Bien acogedor !,neutral,0.61526805,positivo,,
137,Foursquare,Coveñas,DEFINITIVAMENTE ESPECTACULAR!!!,positivo,0.5624987,neutral,,
291,Foursquare,Sincelejo,"Exito, Corral, Frisby, Farah, CineColombia, etc.",neutral,0.9956169,positivo,,
1297,Tripadvisor,Sincelejo,Viví una esperiencia super en isla tintipan con mi familia y gracias a sunsettravelcolombia fue un día expectacular,neutral,0.6363119,positivo,,
241,Foursquare,Sincelejo,"Recomiendo este lugar, goza de una muy buena atención, el sitio es visualmente agradable y la comida es muy rica. Pida la Lasagna de carne y champiñones, no se arrepentirá.",positivo,0.9988166,neutral,,
279,Foursquare,Sincelejo,Postres deliciosos en Casa Rosa,neutral,0.9905674,positivo,,
138,Foursquare,Sincelejo,Gran apertura 23 de noviembre de 2017,positivo,0.91551167,neutral,,
54,Foursquare,Coveñas,Peaceful place! ☀️,positivo,0.74345964,neutral,,
94,Foursquare,Sincé,Sincé cuenta con Sincé Digital - Red Wi-Fí de acceso gratuito. la señal está disponible en el 80% de la cabeceramunicipal.,positivo,0.808092,neutral,,
60,Foursquare,Coveñas,El mejor sitio para compartir en flia,positivo,0.98654616,neutral,,
240,Foursquare,Sincelejo,"Is great, is not fast foot definitely, is a better choice if you have time",positivo,0.967132,neutral,,
68,Foursquare,Coveñas,Coveñas es un paraíso,positivo,0.9974528,neutral,,
298,Foursquare,Corozal,Disfruten la amable atención,neutral,0.97640455,positivo,,
297,Foursquare,Corozal,Los mejores helados !!!,neutral,0.9956138,positivo,,
290,Foursquare,Sincelejo,Super chevereee,neutral,0.99199355,positivo,,
269,Foursquare,Sincelejo,La comida es rica pero el servicio es bastante demorado entre 25 y 35 minutos,neutral,0.9191695,positivo,,
317,Foursquare,Sincelejo,Wrap Lomo deli! ❤,neutral,0.8491857,positivo,,
318,Foursquare,Sincelejo,Aritos de cebolla #FTW,neutral,0.9533328,positivo,,
182,Foursquare,Sincelejo,"Muy buena la comida y la atención, un sitio para pasar un rato muy agradable, buena comida un buen trago y una buena compañía, varios ambientes y bien parqueo,  bien muy buenos.",positivo,0.99829024,neutral,,
47,Foursquare,Coveñas,Las olas son lo mejor... Muy chevere la playita,positivo,0.99685776,neutral,,
200,Foursquare,Sincelejo,El pollo a la parrilla con buena salsa de ajo uufffff delicioso. Acompañado de una limonada frapeada... Quedamos Sin sed por varios dias,positivo,0.9890682,neutral,,
190,Foursquare,Sincelejo,Muy rico! Me encanto!,positivo,0.9958544,neutral,,
